userName,profileUrl
renukaverma0,https://www.instagram.com/renukaverma0/
sanu.__.02,https://www.instagram.com/sanu.__.02/
2keshavjhaa_pvt,https://www.instagram.com/2keshavjhaa_pvt/
social_boost_hub__,https://www.instagram.com/social_boost_hub__/
soniya.lodhi.880,https://www.instagram.com/soniya.lodhi.880/
fivenotfive_,https://www.instagram.com/fivenotfive_/
xiisbsx,https://www.instagram.com/xiisbsx/
anshooo_sethi_01,https://www.instagram.com/anshooo_sethi_01/
roy128008,https://www.instagram.com/roy128008/
yaduvanshi_girl__330,https://www.instagram.com/yaduvanshi_girl__330/
rohit45_sharma___45,https://www.instagram.com/rohit45_sharma___45/
___xenon.x.rohan___,https://www.instagram.com/___xenon.x.rohan___/
sk_editers_9,https://www.instagram.com/sk_editers_9/
satya.veer9910,https://www.instagram.com/satya.veer9910/
aasheesh_chauhan12,https://www.instagram.com/aasheesh_chauhan12/
nikhilkushwah888,https://www.instagram.com/nikhilkushwah888/
mukultak,https://www.instagram.com/mukultak/
puneet17_,https://www.instagram.com/puneet17_/
sumitt_dz_,https://www.instagram.com/sumitt_dz_/
bh_avana8059,https://www.instagram.com/bh_avana8059/
mohn.xsh,https://www.instagram.com/mohn.xsh/
_prince__usa_,https://www.instagram.com/_prince__usa_/
knhaayalalyabv,https://www.instagram.com/knhaayalalyabv/
vaidehi_dave7_,https://www.instagram.com/vaidehi_dave7_/
luna___beatz,https://www.instagram.com/luna___beatz/
byashureddy,https://www.instagram.com/byashureddy/
roh_itsharma5793,https://www.instagram.com/roh_itsharma5793/
luciferxalok,https://www.instagram.com/luciferxalok/
nrkfilmwriter,https://www.instagram.com/nrkfilmwriter/
iam.mani__kanta,https://www.instagram.com/iam.mani__kanta/
rubii_kmri07,https://www.instagram.com/rubii_kmri07/
xyz______._____,https://www.instagram.com/xyz______._____/
shivam_editor_1999,https://www.instagram.com/shivam_editor_1999/
dadmafia420,https://www.instagram.com/dadmafia420/
circket5032,https://www.instagram.com/circket5032/
shivz097,https://www.instagram.com/shivz097/
official_bhagulal_kalal,https://www.instagram.com/official_bhagulal_kalal/
virat_fan_followers_10k,https://www.instagram.com/virat_fan_followers_10k/
__kalki__krish__220__,https://www.instagram.com/__kalki__krish__220__/
vivek_badmash_307,https://www.instagram.com/vivek_badmash_307/
ff_love_sikandar,https://www.instagram.com/ff_love_sikandar/
sjshsmsigsksk26,https://www.instagram.com/sjshsmsigsksk26/
_j_a_g_g_a_to_g_y_m_,https://www.instagram.com/_j_a_g_g_a_to_g_y_m_/
_dev_chandela,https://www.instagram.com/_dev_chandela/
_in.dresh_,https://www.instagram.com/_in.dresh_/
dev_ils81,https://www.instagram.com/dev_ils81/
robiulislam17108,https://www.instagram.com/robiulislam17108/
kunaltodkar_27,https://www.instagram.com/kunaltodkar_27/
alzakipharmacy,https://www.instagram.com/alzakipharmacy/
__.deepuuuuuu.__,https://www.instagram.com/__.deepuuuuuu.__/
rajudevi_barod,https://www.instagram.com/rajudevi_barod/
nuruddin_molla_786,https://www.instagram.com/nuruddin_molla_786/
shiv_munjal,https://www.instagram.com/shiv_munjal/
shankarbiswas1234,https://www.instagram.com/shankarbiswas1234/
rimibera845,https://www.instagram.com/rimibera845/
ritansh_kashyap_407,https://www.instagram.com/ritansh_kashyap_407/
kgf_psycho_007,https://www.instagram.com/kgf_psycho_007/
md__editz.18,https://www.instagram.com/md__editz.18/
aizen_1807_manipulator,https://www.instagram.com/aizen_1807_manipulator/
57_rawan_52,https://www.instagram.com/57_rawan_52/
disha_pandey111,https://www.instagram.com/disha_pandey111/
innocent_gurl_007__,https://www.instagram.com/innocent_gurl_007__/
krishraj45404,https://www.instagram.com/krishraj45404/
muhammad_munaf_mallick,https://www.instagram.com/muhammad_munaf_mallick/
meet_panchal2009,https://www.instagram.com/meet_panchal2009/
its_nitin_batter,https://www.instagram.com/its_nitin_batter/
editorbhai5090,https://www.instagram.com/editorbhai5090/
_swayam.lanjewar_,https://www.instagram.com/_swayam.lanjewar_/
sanyaa_salujaa,https://www.instagram.com/sanyaa_salujaa/
urfav.235,https://www.instagram.com/urfav.235/
rsishab,https://www.instagram.com/rsishab/
autotretaspb,https://www.instagram.com/autotretaspb/
honeyvictoria91,https://www.instagram.com/honeyvictoria91/
arun.andal,https://www.instagram.com/arun.andal/
_its_pawan_027,https://www.instagram.com/_its_pawan_027/
anju_gabel96,https://www.instagram.com/anju_gabel96/
jaid_qureshi510,https://www.instagram.com/jaid_qureshi510/
chadkrish_9,https://www.instagram.com/chadkrish_9/
sonu___gupta89,https://www.instagram.com/sonu___gupta89/
sarwar__khan_786__,https://www.instagram.com/sarwar__khan_786__/
heart_killer_boy_2342,https://www.instagram.com/heart_killer_boy_2342/
anantha_ns200,https://www.instagram.com/anantha_ns200/
_the_menance_13,https://www.instagram.com/_the_menance_13/
no_name_b_1,https://www.instagram.com/no_name_b_1/
indian.cricket.updates_,https://www.instagram.com/indian.cricket.updates_/
the_lion8073,https://www.instagram.com/the_lion8073/
de.callme_flash,https://www.instagram.com/de.callme_flash/
pall.u6409,https://www.instagram.com/pall.u6409/
himyadav5948,https://www.instagram.com/himyadav5948/
chanderi_saree_live_,https://www.instagram.com/chanderi_saree_live_/
x_paras_x_44x45,https://www.instagram.com/x_paras_x_44x45/
scary_daredevil5,https://www.instagram.com/scary_daredevil5/
theofficial_prity,https://www.instagram.com/theofficial_prity/
r.a.2175,https://www.instagram.com/r.a.2175/
mr_x_man_14,https://www.instagram.com/mr_x_man_14/
crystal_shinee001,https://www.instagram.com/crystal_shinee001/
nishanth_1817,https://www.instagram.com/nishanth_1817/
wiphone15,https://www.instagram.com/wiphone15/
annmariya1002,https://www.instagram.com/annmariya1002/
pandit_babbu_001,https://www.instagram.com/pandit_babbu_001/
_xyz_.0.1.0_,https://www.instagram.com/_xyz_.0.1.0_/
__cute__boy.__farooq__,https://www.instagram.com/__cute__boy.__farooq__/
_iranna_29_,https://www.instagram.com/_iranna_29_/
xx__babu_108,https://www.instagram.com/xx__babu_108/
suraiya._.15,https://www.instagram.com/suraiya._.15/
singhku01,https://www.instagram.com/singhku01/
sahil__yadav99999,https://www.instagram.com/sahil__yadav99999/
_.dishuu._.07,https://www.instagram.com/_.dishuu._.07/
ak_shukla47,https://www.instagram.com/ak_shukla47/
talha__jubayer_2009,https://www.instagram.com/talha__jubayer_2009/
teamboss30,https://www.instagram.com/teamboss30/
trendybelle.01,https://www.instagram.com/trendybelle.01/
vixh_18,https://www.instagram.com/vixh_18/
su.priya7673,https://www.instagram.com/su.priya7673/
siddiquijuhed,https://www.instagram.com/siddiquijuhed/
royal__.__bhagya__.__patil,https://www.instagram.com/royal__.__bhagya__.__patil/
justforyou7717,https://www.instagram.com/justforyou7717/
uttam_kumar_tudu630,https://www.instagram.com/uttam_kumar_tudu630/
sourabh_kirad_0987,https://www.instagram.com/sourabh_kirad_0987/
sohhha.mm,https://www.instagram.com/sohhha.mm/
_king_virat7488,https://www.instagram.com/_king_virat7488/
dharuma_006,https://www.instagram.com/dharuma_006/
_officialgurri_,https://www.instagram.com/_officialgurri_/
vansh_sejpal,https://www.instagram.com/vansh_sejpal/
ft.cherry3560,https://www.instagram.com/ft.cherry3560/
_nilesh_bhai_007,https://www.instagram.com/_nilesh_bhai_007/
victtor1172,https://www.instagram.com/victtor1172/
x____innocent__boy,https://www.instagram.com/x____innocent__boy/
najmintara,https://www.instagram.com/najmintara/
_devil_kumar.004,https://www.instagram.com/_devil_kumar.004/
moh_dhasan17,https://www.instagram.com/moh_dhasan17/
nitik.ashar_ma,https://www.instagram.com/nitik.ashar_ma/
bharvad_831,https://www.instagram.com/bharvad_831/
_achalsharma1,https://www.instagram.com/_achalsharma1/
golu_yadav_896600,https://www.instagram.com/golu_yadav_896600/
maniish69_,https://www.instagram.com/maniish69_/
pvt._.kushal_009,https://www.instagram.com/pvt._.kushal_009/
ash.ok4768,https://www.instagram.com/ash.ok4768/
jai_shree_______________ram,https://www.instagram.com/jai_shree_______________ram/
cricinfo965,https://www.instagram.com/cricinfo965/
mr.innocent.boy.3339,https://www.instagram.com/mr.innocent.boy.3339/
funfusion87,https://www.instagram.com/funfusion87/
javan_sinh_6064,https://www.instagram.com/javan_sinh_6064/
nabilft00,https://www.instagram.com/nabilft00/
vikashbhanwal34345,https://www.instagram.com/vikashbhanwal34345/
avanthika__mk,https://www.instagram.com/avanthika__mk/
abd___virat__,https://www.instagram.com/abd___virat__/
shanahamst060,https://www.instagram.com/shanahamst060/
_annu_yadav_503,https://www.instagram.com/_annu_yadav_503/
charming_oyush__,https://www.instagram.com/charming_oyush__/
dipak_das_018,https://www.instagram.com/dipak_das_018/
hxrsh_jhaa,https://www.instagram.com/hxrsh_jhaa/
kaavyanjali_writer,https://www.instagram.com/kaavyanjali_writer/
navjeet_aulakh,https://www.instagram.com/navjeet_aulakh/
its_hacker__20,https://www.instagram.com/its_hacker__20/
techie.tips,https://www.instagram.com/techie.tips/
kumarmodan997,https://www.instagram.com/kumarmodan997/
adithya1e,https://www.instagram.com/adithya1e/
its_me_gowtham2312,https://www.instagram.com/its_me_gowtham2312/
__rakesh__tony__18,https://www.instagram.com/__rakesh__tony__18/
iakash__z,https://www.instagram.com/iakash__z/
aavarachokra,https://www.instagram.com/aavarachokra/
parshat.sail,https://www.instagram.com/parshat.sail/
mr_kariya_67,https://www.instagram.com/mr_kariya_67/
arunkumar.r2004,https://www.instagram.com/arunkumar.r2004/
dhruviba_zala09,https://www.instagram.com/dhruviba_zala09/
amarjeet_9633,https://www.instagram.com/amarjeet_9633/
khushiiii_1402,https://www.instagram.com/khushiiii_1402/
nirajkumar9236231259,https://www.instagram.com/nirajkumar9236231259/
its_heartlover,https://www.instagram.com/its_heartlover/
krishna_premiii07,https://www.instagram.com/krishna_premiii07/
__anamika_29__,https://www.instagram.com/__anamika_29__/
swtx_ankuuu___,https://www.instagram.com/swtx_ankuuu___/
l_am_sayantika_40,https://www.instagram.com/l_am_sayantika_40/
itsharsh7586,https://www.instagram.com/itsharsh7586/
nikunjjthacker,https://www.instagram.com/nikunjjthacker/
fool.hardy__,https://www.instagram.com/fool.hardy__/
__mohammedismail__07,https://www.instagram.com/__mohammedismail__07/
keshav.bajaj.18,https://www.instagram.com/keshav.bajaj.18/
thefitboy_journey,https://www.instagram.com/thefitboy_journey/
khan.ji4366,https://www.instagram.com/khan.ji4366/
ramesh3264patel,https://www.instagram.com/ramesh3264patel/
ahmar.a.khan.7,https://www.instagram.com/ahmar.a.khan.7/
soummyaaa._,https://www.instagram.com/soummyaaa._/
_tanmoy.01,https://www.instagram.com/_tanmoy.01/
samosa_256,https://www.instagram.com/samosa_256/
virat_kohli18_lk,https://www.instagram.com/virat_kohli18_lk/
imsadia,https://www.instagram.com/imsadia/
md_arif_kammal,https://www.instagram.com/md_arif_kammal/
aiyat5452,https://www.instagram.com/aiyat5452/
vtesan385,https://www.instagram.com/vtesan385/
ashish_yadav_gajipur,https://www.instagram.com/ashish_yadav_gajipur/
ganesh.jod,https://www.instagram.com/ganesh.jod/
sakib.khan_98,https://www.instagram.com/sakib.khan_98/
nitishraj9143,https://www.instagram.com/nitishraj9143/
vkm_crea,https://www.instagram.com/vkm_crea/
mohammad_hassaan_reza,https://www.instagram.com/mohammad_hassaan_reza/
ankush_lover_ji485,https://www.instagram.com/ankush_lover_ji485/
roshnijetwani,https://www.instagram.com/roshnijetwani/
just_create5,https://www.instagram.com/just_create5/
shivajangra07,https://www.instagram.com/shivajangra07/
krish_na626262,https://www.instagram.com/krish_na626262/
nk_yadav_508,https://www.instagram.com/nk_yadav_508/
kishanraval_18,https://www.instagram.com/kishanraval_18/
sanjoo.kumar.777,https://www.instagram.com/sanjoo.kumar.777/
gulshan_singh_9098,https://www.instagram.com/gulshan_singh_9098/
pea___ceeeeee,https://www.instagram.com/pea___ceeeeee/
8608_mamta,https://www.instagram.com/8608_mamta/
skrah_el216,https://www.instagram.com/skrah_el216/
msd2013gmail.c,https://www.instagram.com/msd2013gmail.c/
akhilmalhotra322,https://www.instagram.com/akhilmalhotra322/
_ankithaa_mahadev,https://www.instagram.com/_ankithaa_mahadev/
munu__5puwali,https://www.instagram.com/munu__5puwali/
signature_events_25,https://www.instagram.com/signature_events_25/
jade_geemon,https://www.instagram.com/jade_geemon/
aviral.namdeo,https://www.instagram.com/aviral.namdeo/
vintage.violet110,https://www.instagram.com/vintage.violet110/
memesclub42,https://www.instagram.com/memesclub42/
_siddhant_gaikwad_1738,https://www.instagram.com/_siddhant_gaikwad_1738/
saini_gourav_21,https://www.instagram.com/saini_gourav_21/
itz_me_babluuuuu,https://www.instagram.com/itz_me_babluuuuu/
gagandeepkaur4832,https://www.instagram.com/gagandeepkaur4832/
zilani.18,https://www.instagram.com/zilani.18/
pint.o9858,https://www.instagram.com/pint.o9858/
aditya_ranjan_991,https://www.instagram.com/aditya_ranjan_991/
ayo__butterfly,https://www.instagram.com/ayo__butterfly/
mkindai3002018,https://www.instagram.com/mkindai3002018/
y_navnit_08,https://www.instagram.com/y_navnit_08/
ek._.awaaz,https://www.instagram.com/ek._.awaaz/
its_romiyo_arjun_09,https://www.instagram.com/its_romiyo_arjun_09/
charizard._._._.09,https://www.instagram.com/charizard._._._.09/
avinash14015,https://www.instagram.com/avinash14015/
poorvika5026,https://www.instagram.com/poorvika5026/
jyoti65151,https://www.instagram.com/jyoti65151/
abuzarfaridi.ak47,https://www.instagram.com/abuzarfaridi.ak47/
oggy___edite,https://www.instagram.com/oggy___edite/
dalton.legrand,https://www.instagram.com/dalton.legrand/
akashghosh1892,https://www.instagram.com/akashghosh1892/
md.minhajul.hoque.2000,https://www.instagram.com/md.minhajul.hoque.2000/
_abdul_hamid_bara,https://www.instagram.com/_abdul_hamid_bara/
sourabhtiwari.74,https://www.instagram.com/sourabhtiwari.74/
mrch_etan454,https://www.instagram.com/mrch_etan454/
i.amkrishna_77,https://www.instagram.com/i.amkrishna_77/
cricket_lover9955,https://www.instagram.com/cricket_lover9955/
vaibhavsaw04,https://www.instagram.com/vaibhavsaw04/
itz_me_rakesh_321,https://www.instagram.com/itz_me_rakesh_321/
lokeshhxx_,https://www.instagram.com/lokeshhxx_/
khushiiyadav_22,https://www.instagram.com/khushiiyadav_22/
s.k.sohel75,https://www.instagram.com/s.k.sohel75/
sagarrasool008,https://www.instagram.com/sagarrasool008/
uzair_choudahry1212,https://www.instagram.com/uzair_choudahry1212/
md_hanzala_09,https://www.instagram.com/md_hanzala_09/
legit_societtty,https://www.instagram.com/legit_societtty/
subha._.453,https://www.instagram.com/subha._.453/
lokeshchoudhary_979,https://www.instagram.com/lokeshchoudhary_979/
kanha.__.825,https://www.instagram.com/kanha.__.825/
oficial__gurpreet,https://www.instagram.com/oficial__gurpreet/
simple__ricki__18,https://www.instagram.com/simple__ricki__18/
dhvalgarchar88,https://www.instagram.com/dhvalgarchar88/
touhidbinhassan,https://www.instagram.com/touhidbinhassan/
sandyyyy____17,https://www.instagram.com/sandyyyy____17/
mr_rohit_nagora_007,https://www.instagram.com/mr_rohit_nagora_007/
a.r_abhay_editz,https://www.instagram.com/a.r_abhay_editz/
itzz_me_chinna02,https://www.instagram.com/itzz_me_chinna02/
neetu_solnki34,https://www.instagram.com/neetu_solnki34/
mrhitman_40,https://www.instagram.com/mrhitman_40/
khandokar7891,https://www.instagram.com/khandokar7891/
vip__gada___0001,https://www.instagram.com/vip__gada___0001/
seriful_sk_786,https://www.instagram.com/seriful_sk_786/
rajpu.t123rahul,https://www.instagram.com/rajpu.t123rahul/
cancer.mitra,https://www.instagram.com/cancer.mitra/
zeena_t7515,https://www.instagram.com/zeena_t7515/
sanskar__ydv__18,https://www.instagram.com/sanskar__ydv__18/
pinki_shrma_7280,https://www.instagram.com/pinki_shrma_7280/
cr07shavan,https://www.instagram.com/cr07shavan/
deepak_singh_972,https://www.instagram.com/deepak_singh_972/
zlf725,https://www.instagram.com/zlf725/
anupo_m1122,https://www.instagram.com/anupo_m1122/
lol_memes1312,https://www.instagram.com/lol_memes1312/
mr__aadi__18__,https://www.instagram.com/mr__aadi__18__/
fk_lima0,https://www.instagram.com/fk_lima0/
mr_ps.ycho,https://www.instagram.com/mr_ps.ycho/
rdx__panku__meena_007,https://www.instagram.com/rdx__panku__meena_007/
_shreuuuu_143,https://www.instagram.com/_shreuuuu_143/
deepachaudhary5018,https://www.instagram.com/deepachaudhary5018/
mr_op____rj42,https://www.instagram.com/mr_op____rj42/
s.u.s.h.i.l_2011,https://www.instagram.com/s.u.s.h.i.l_2011/
trins_x14,https://www.instagram.com/trins_x14/
mehdi_husain_zaidi110,https://www.instagram.com/mehdi_husain_zaidi110/
ownstyle2025,https://www.instagram.com/ownstyle2025/
fgpappu,https://www.instagram.com/fgpappu/
dipm0057,https://www.instagram.com/dipm0057/
mubarakshah546,https://www.instagram.com/mubarakshah546/
cricketloveractor,https://www.instagram.com/cricketloveractor/
official_ansari_8707,https://www.instagram.com/official_ansari_8707/
mr_raviraj_sarel_rj03,https://www.instagram.com/mr_raviraj_sarel_rj03/
devil_satya03,https://www.instagram.com/devil_satya03/
rudrakartha,https://www.instagram.com/rudrakartha/
nidaaarahane._,https://www.instagram.com/nidaaarahane._/
mahi.g92,https://www.instagram.com/mahi.g92/
krishna_rawat.03,https://www.instagram.com/krishna_rawat.03/
priyanka814551,https://www.instagram.com/priyanka814551/
su.ivy17,https://www.instagram.com/su.ivy17/
emilyshofiaferreira,https://www.instagram.com/emilyshofiaferreira/
sparrow_1804,https://www.instagram.com/sparrow_1804/
anshuman5._,https://www.instagram.com/anshuman5._/
its_saini_bhiwani,https://www.instagram.com/its_saini_bhiwani/
futuriostic_,https://www.instagram.com/futuriostic_/
shxurya_here01,https://www.instagram.com/shxurya_here01/
sharmac.brother,https://www.instagram.com/sharmac.brother/
max._.editz__,https://www.instagram.com/max._.editz__/
man_ojmanoj2010,https://www.instagram.com/man_ojmanoj2010/
blazingsixes,https://www.instagram.com/blazingsixes/
sahibe_alam_93,https://www.instagram.com/sahibe_alam_93/
aniket_kasbekar01,https://www.instagram.com/aniket_kasbekar01/
cut_vdos,https://www.instagram.com/cut_vdos/
cricket.wala.yt,https://www.instagram.com/cricket.wala.yt/
aditya_yadav_5001_sp,https://www.instagram.com/aditya_yadav_5001_sp/
de.bajit84,https://www.instagram.com/de.bajit84/
subham_kumar_5857,https://www.instagram.com/subham_kumar_5857/
secretly_bunny30,https://www.instagram.com/secretly_bunny30/
im_hunter_8,https://www.instagram.com/im_hunter_8/
mr___143__chintu__,https://www.instagram.com/mr___143__chintu__/
blood_line_07___,https://www.instagram.com/blood_line_07___/
crickets_crazy_,https://www.instagram.com/crickets_crazy_/
har_dik4219,https://www.instagram.com/har_dik4219/
divya__215_,https://www.instagram.com/divya__215_/
__nidhi__.0401,https://www.instagram.com/__nidhi__.0401/
dhnshyaam5,https://www.instagram.com/dhnshyaam5/
gauravpaul418,https://www.instagram.com/gauravpaul418/
shra.vni414,https://www.instagram.com/shra.vni414/
youuurrr_.baee,https://www.instagram.com/youuurrr_.baee/
ayush_paul_383,https://www.instagram.com/ayush_paul_383/
ssaammeerr_4,https://www.instagram.com/ssaammeerr_4/
mohan__bhai__lover_potti,https://www.instagram.com/mohan__bhai__lover_potti/
_kalpya27_,https://www.instagram.com/_kalpya27_/
tajbul34,https://www.instagram.com/tajbul34/
sagarkumar749304,https://www.instagram.com/sagarkumar749304/
navjeet5902,https://www.instagram.com/navjeet5902/
kabeersajnani,https://www.instagram.com/kabeersajnani/
lmurar307,https://www.instagram.com/lmurar307/
neeraj_vishwakarma2999,https://www.instagram.com/neeraj_vishwakarma2999/
binu_kisku22,https://www.instagram.com/binu_kisku22/
6th_hockage,https://www.instagram.com/6th_hockage/
game.changer2219,https://www.instagram.com/game.changer2219/
vick.surti,https://www.instagram.com/vick.surti/
bablu.sharma_13,https://www.instagram.com/bablu.sharma_13/
radhe_govind_022,https://www.instagram.com/radhe_govind_022/
itz_parboti_murmu______4370,https://www.instagram.com/itz_parboti_murmu______4370/
trampmemer,https://www.instagram.com/trampmemer/
theyenvy_sid,https://www.instagram.com/theyenvy_sid/
__roy__dona__,https://www.instagram.com/__roy__dona__/
abunasar5663,https://www.instagram.com/abunasar5663/
k___i__t___i_,https://www.instagram.com/k___i__t___i_/
ayaz_tasleem,https://www.instagram.com/ayaz_tasleem/
shreyash_naik_official,https://www.instagram.com/shreyash_naik_official/
smart_gadariya_x,https://www.instagram.com/smart_gadariya_x/
p_ayush_27,https://www.instagram.com/p_ayush_27/
cricketak254,https://www.instagram.com/cricketak254/
baseado_finex088,https://www.instagram.com/baseado_finex088/
yassineid941,https://www.instagram.com/yassineid941/
vedantnaik913,https://www.instagram.com/vedantnaik913/
its_pinki1611,https://www.instagram.com/its_pinki1611/
purohit_7334,https://www.instagram.com/purohit_7334/
anoopmourya94,https://www.instagram.com/anoopmourya94/
sourav.barasha,https://www.instagram.com/sourav.barasha/
nakulgorain231,https://www.instagram.com/nakulgorain231/
pritesh_jaiswal18,https://www.instagram.com/pritesh_jaiswal18/
jh__king098,https://www.instagram.com/jh__king098/
sportsindia512,https://www.instagram.com/sportsindia512/
mr_ashirbad21,https://www.instagram.com/mr_ashirbad21/
lavie_pijamas_e_lingeries,https://www.instagram.com/lavie_pijamas_e_lingeries/
tanmit_designer,https://www.instagram.com/tanmit_designer/
kundan_ganava0207,https://www.instagram.com/kundan_ganava0207/
_beast_68_,https://www.instagram.com/_beast_68_/
shweta_agarwal_43,https://www.instagram.com/shweta_agarwal_43/
ita_harsh_kashyap_mp40,https://www.instagram.com/ita_harsh_kashyap_mp40/
ganuradha88,https://www.instagram.com/ganuradha88/
gotam_meghwal1,https://www.instagram.com/gotam_meghwal1/
kiya_n1414,https://www.instagram.com/kiya_n1414/
sahill_vinchurkar,https://www.instagram.com/sahill_vinchurkar/
13__pandat__jii,https://www.instagram.com/13__pandat__jii/
xhfjj_ff,https://www.instagram.com/xhfjj_ff/
anshkumar762025,https://www.instagram.com/anshkumar762025/
mantu_ghosh_07,https://www.instagram.com/mantu_ghosh_07/
jime__royal,https://www.instagram.com/jime__royal/
karukumar7984,https://www.instagram.com/karukumar7984/
dhirendrapal6072,https://www.instagram.com/dhirendrapal6072/
its_shashi_mehta__,https://www.instagram.com/its_shashi_mehta__/
ukcarryyy,https://www.instagram.com/ukcarryyy/
cricket__lover56566,https://www.instagram.com/cricket__lover56566/
swatiiiiiiii376,https://www.instagram.com/swatiiiiiiii376/
shaikarees,https://www.instagram.com/shaikarees/
king_of__kds,https://www.instagram.com/king_of__kds/
_.dhruvil.patel._,https://www.instagram.com/_.dhruvil.patel._/
rohit_71013_,https://www.instagram.com/rohit_71013_/
mana.nchawla,https://www.instagram.com/mana.nchawla/
amitsolanki5671,https://www.instagram.com/amitsolanki5671/
manikanth9627,https://www.instagram.com/manikanth9627/
mr___jyoti___04,https://www.instagram.com/mr___jyoti___04/
ansh.thakur811,https://www.instagram.com/ansh.thakur811/
shaurya_diwan2627,https://www.instagram.com/shaurya_diwan2627/
bharatdhamija,https://www.instagram.com/bharatdhamija/
iam.unique__56,https://www.instagram.com/iam.unique__56/
riy__ah_h,https://www.instagram.com/riy__ah_h/
mr___piyush___220,https://www.instagram.com/mr___piyush___220/
ramtanu_banerjee_22,https://www.instagram.com/ramtanu_banerjee_22/
m.f41z_6,https://www.instagram.com/m.f41z_6/
wearhub01,https://www.instagram.com/wearhub01/
story7503,https://www.instagram.com/story7503/
khedawalasoheb4,https://www.instagram.com/khedawalasoheb4/
khalid_bin_waleed97,https://www.instagram.com/khalid_bin_waleed97/
lovelylokesh1223,https://www.instagram.com/lovelylokesh1223/
jahirhassan99,https://www.instagram.com/jahirhassan99/
oye__sona__143_________,https://www.instagram.com/oye__sona__143_________/
patandarrrr,https://www.instagram.com/patandarrrr/
meeet_2558,https://www.instagram.com/meeet_2558/
a_r_a_c_h_a_n_a_0077,https://www.instagram.com/a_r_a_c_h_a_n_a_0077/
offexx_xx,https://www.instagram.com/offexx_xx/
mahi._.bhai4578,https://www.instagram.com/mahi._.bhai4578/
shiv_singh_loharwal_2005,https://www.instagram.com/shiv_singh_loharwal_2005/
shindesaheb_,https://www.instagram.com/shindesaheb_/
20025__nev,https://www.instagram.com/20025__nev/
ayushedits001,https://www.instagram.com/ayushedits001/
sujit_tupe_07,https://www.instagram.com/sujit_tupe_07/
devansh_8277,https://www.instagram.com/devansh_8277/
arezo.nezami2022,https://www.instagram.com/arezo.nezami2022/
subhmangillfans77,https://www.instagram.com/subhmangillfans77/
itz_mohit__01__,https://www.instagram.com/itz_mohit__01__/
sonawane_official777,https://www.instagram.com/sonawane_official777/
razz23033,https://www.instagram.com/razz23033/
surajnarwade_,https://www.instagram.com/surajnarwade_/
sakibali3682,https://www.instagram.com/sakibali3682/
iconic_gamechanger,https://www.instagram.com/iconic_gamechanger/
rishav_kr_0006,https://www.instagram.com/rishav_kr_0006/
mr_prajapati__hitesh,https://www.instagram.com/mr_prajapati__hitesh/
tusharkumarhere,https://www.instagram.com/tusharkumarhere/
tejas_745_,https://www.instagram.com/tejas_745_/
aksh_atrajput_186,https://www.instagram.com/aksh_atrajput_186/
sabeeha3216,https://www.instagram.com/sabeeha3216/
pankaj_bareta,https://www.instagram.com/pankaj_bareta/
whoiss.689,https://www.instagram.com/whoiss.689/
pvttt0015,https://www.instagram.com/pvttt0015/
abhii_sharma_00,https://www.instagram.com/abhii_sharma_00/
itz_ravi_vishwakarma_up_70,https://www.instagram.com/itz_ravi_vishwakarma_up_70/
shreyakeshri48,https://www.instagram.com/shreyakeshri48/
refurbishedlaptopdelhi,https://www.instagram.com/refurbishedlaptopdelhi/
crick.etlover2828,https://www.instagram.com/crick.etlover2828/
official_birendra_singh19,https://www.instagram.com/official_birendra_singh19/
cute_girl_tannu_0420,https://www.instagram.com/cute_girl_tannu_0420/
its___your___sami,https://www.instagram.com/its___your___sami/
____daisy_dreamer__,https://www.instagram.com/____daisy_dreamer__/
dhruv_kelaskar,https://www.instagram.com/dhruv_kelaskar/
aheer_____ankush_____yadav,https://www.instagram.com/aheer_____ankush_____yadav/
achingcynthia,https://www.instagram.com/achingcynthia/
thilak_gowda14,https://www.instagram.com/thilak_gowda14/
pathansahab_182,https://www.instagram.com/pathansahab_182/
sureshprasad3179,https://www.instagram.com/sureshprasad3179/
thatweirddgirl,https://www.instagram.com/thatweirddgirl/
amanbabu010190,https://www.instagram.com/amanbabu010190/
prav.athi268,https://www.instagram.com/prav.athi268/
virbal.kumar.3766,https://www.instagram.com/virbal.kumar.3766/
x_y_z0411,https://www.instagram.com/x_y_z0411/
gujarat_titans03fanpage,https://www.instagram.com/gujarat_titans03fanpage/
is___4346889,https://www.instagram.com/is___4346889/
x_mr_chalu_46_x,https://www.instagram.com/x_mr_chalu_46_x/
sanjitkumarmandal847,https://www.instagram.com/sanjitkumarmandal847/
hjuytruu778,https://www.instagram.com/hjuytruu778/
roha_n_1226,https://www.instagram.com/roha_n_1226/
nishkruti_007,https://www.instagram.com/nishkruti_007/
sehaj_saggu,https://www.instagram.com/sehaj_saggu/
shreyasnayakm,https://www.instagram.com/shreyasnayakm/
sanatani959,https://www.instagram.com/sanatani959/
_ponkoj_,https://www.instagram.com/_ponkoj_/
emperorxd1,https://www.instagram.com/emperorxd1/
pramod_rajput_34,https://www.instagram.com/pramod_rajput_34/
saurabchrar,https://www.instagram.com/saurabchrar/
parx6701,https://www.instagram.com/parx6701/
sxvque,https://www.instagram.com/sxvque/
radhika1234567894332,https://www.instagram.com/radhika1234567894332/
itz.neha_294,https://www.instagram.com/itz.neha_294/
abdullah19990909,https://www.instagram.com/abdullah19990909/
handwriting6672,https://www.instagram.com/handwriting6672/
raja_rider36,https://www.instagram.com/raja_rider36/
anandita_awasthii,https://www.instagram.com/anandita_awasthii/
sit_me_joda6,https://www.instagram.com/sit_me_joda6/
ro.hitsharma5532,https://www.instagram.com/ro.hitsharma5532/
headlight.amir,https://www.instagram.com/headlight.amir/
vaagmiii.sharmaaa,https://www.instagram.com/vaagmiii.sharmaaa/
iwctxeditx,https://www.instagram.com/iwctxeditx/
mahakal_ke_deevane_011,https://www.instagram.com/mahakal_ke_deevane_011/
wholesomebites6,https://www.instagram.com/wholesomebites6/
itz_axxn.agarwal,https://www.instagram.com/itz_axxn.agarwal/
mitsuaaa,https://www.instagram.com/mitsuaaa/
mukesh_thakur1999,https://www.instagram.com/mukesh_thakur1999/
tulam_mshesh32,https://www.instagram.com/tulam_mshesh32/
itsqueen_so347,https://www.instagram.com/itsqueen_so347/
its.jainsahab_28,https://www.instagram.com/its.jainsahab_28/
doubbletroublecouple,https://www.instagram.com/doubbletroublecouple/
sshaikh019231,https://www.instagram.com/sshaikh019231/
official_queen_shahzadi,https://www.instagram.com/official_queen_shahzadi/
the_vidrant_one,https://www.instagram.com/the_vidrant_one/
shibra032,https://www.instagram.com/shibra032/
rehan_roy_2,https://www.instagram.com/rehan_roy_2/
_vedant__45,https://www.instagram.com/_vedant__45/
rakesh_choudhary__077,https://www.instagram.com/rakesh_choudhary__077/
hakikullah86,https://www.instagram.com/hakikullah86/
ambrivert_53,https://www.instagram.com/ambrivert_53/
ravindersharma9846,https://www.instagram.com/ravindersharma9846/
mithumkumar805107,https://www.instagram.com/mithumkumar805107/
itzratan2025,https://www.instagram.com/itzratan2025/
royal____boy____up,https://www.instagram.com/royal____boy____up/
raghavonstrike,https://www.instagram.com/raghavonstrike/
vaibhav.apt,https://www.instagram.com/vaibhav.apt/
luvcheema__,https://www.instagram.com/luvcheema__/
rishi_6263_,https://www.instagram.com/rishi_6263_/
intaj078692,https://www.instagram.com/intaj078692/
anjalishaw749,https://www.instagram.com/anjalishaw749/
genius_sky_,https://www.instagram.com/genius_sky_/
munn_aits,https://www.instagram.com/munn_aits/
ll__miss__bidu_143__ll,https://www.instagram.com/ll__miss__bidu_143__ll/
its__boys1720,https://www.instagram.com/its__boys1720/
prajapat_mohit_kumar,https://www.instagram.com/prajapat_mohit_kumar/
suman_g2510,https://www.instagram.com/suman_g2510/
_sanzz__6,https://www.instagram.com/_sanzz__6/
hyy_itzz_jaczz,https://www.instagram.com/hyy_itzz_jaczz/
sabanapatelsabanap,https://www.instagram.com/sabanapatelsabanap/
xxroy0_0,https://www.instagram.com/xxroy0_0/
kapil_rathor5,https://www.instagram.com/kapil_rathor5/
im_ranjan___,https://www.instagram.com/im_ranjan___/
shreya_shukla_745,https://www.instagram.com/shreya_shukla_745/
vickybarny,https://www.instagram.com/vickybarny/
chanda____0__1,https://www.instagram.com/chanda____0__1/
aparna_sarkar_720,https://www.instagram.com/aparna_sarkar_720/
steve_pengers_officiel,https://www.instagram.com/steve_pengers_officiel/
sk_level9,https://www.instagram.com/sk_level9/
rdx__ikbal__09_,https://www.instagram.com/rdx__ikbal__09_/
its_anas_jaat_001,https://www.instagram.com/its_anas_jaat_001/
agrahari_biraj,https://www.instagram.com/agrahari_biraj/
lavsh486,https://www.instagram.com/lavsh486/
my_gl.xyy11,https://www.instagram.com/my_gl.xyy11/
rising_boys__official,https://www.instagram.com/rising_boys__official/
bhamarbhati,https://www.instagram.com/bhamarbhati/
abhaytiwari1215,https://www.instagram.com/abhaytiwari1215/
lvy_x10__,https://www.instagram.com/lvy_x10__/
,
,
https://igtools.ai/ig-dm,
